{
  "version": 2,
  "artifactType": {
    "type": "APK",
    "kind": "Directory"
  },
  "applicationId": "com.example.simdsp",
  "variantName": "debug",
  "elements": [
    {
      "type": "UNIVERSAL",
      "filters": [],
      "versionCode": 1,
      "versionName": "1.0",
      "outputFile": "app-universal-debug.apk"
    },
    {
      "type": "ONE_OF_MANY",
      "filters": [
        {
          "filterType": "ABI",
          "value": "x86"
        }
      ],
      "versionCode": 1,
      "versionName": "1.0",
      "outputFile": "app-x86-debug.apk"
    },
    {
      "type": "ONE_OF_MANY",
      "filters": [
        {
          "filterType": "ABI",
          "value": "x86_64"
        }
      ],
      "versionCode": 1,
      "versionName": "1.0",
      "outputFile": "app-x86_64-debug.apk"
    },
    {
      "type": "ONE_OF_MANY",
      "filters": [
        {
          "filterType": "ABI",
          "value": "armeabi-v7a"
        }
      ],
      "versionCode": 1,
      "versionName": "1.0",
      "outputFile": "app-armeabi-v7a-debug.apk"
    }
  ]
}